<?xml version="1.0" encoding="UTF-8"?>
<faces-config version="2.2" xmlns="http://xmlns.jcp.org/xml/ns/javaee"
 xmlns:xsi="http://www.w3.org/2001/XMLSchema-instance" xsi:schemaLocation="http://xmlns.jcp.org/xml/ns/javaee http://xmlns.jcp.org/xml/ns/javaee/web-facesconfig_2_2.xsd">
 <navigation-rule>
  <from-view-id>/*</from-view-id>
  <navigation-case>
   <from-outcome>success</from-outcome>
   <to-view-id>/ZeigeUser.xhtml</to-view-id>
  </navigation-case>
  <navigation-case>
   <from-outcome>failure</from-outcome>
   <to-view-id>/KeineUser.xhtml</to-view-id>
  </navigation-case>
 </navigation-rule>
 <navigation-rule>
  <from-view-id>/KeineUser.xhtml</from-view-id>
  <navigation-case>
   <from-outcome>failure</from-outcome>
   <to-view-id>/RegisterUser.xhtml</to-view-id>
  </navigation-case>
 </navigation-rule>
 <navigation-rule>
  <from-view-id>/register/*</from-view-id>
  <navigation-case>
   <from-outcome>register_done</from-outcome>
   <to-view-id>/ZeigeUser.xhtml</to-view-id>
  </navigation-case>
 </navigation-rule>
 <application/>
</faces-config>
